variable,mean,median,sd,mad,q5,q95,rhat,ess_bulk,ess_tail
lp__,-443.010544375,-442.596,3.6663429557072904,3.533777099999997,-449.6253,-437.68695,1.0021456925925263,1574.340335353262,2768.1757028920697
biasM,0.3558646434905,0.35497599999999996,0.1305226601115184,0.11719582349999998,0.1489234,0.5664558499999998,1.00117198007305,3133.1893613121583,3091.7365118908415
biasSD,0.2932875446265,0.276093,0.1493182186348046,0.13345623899999998,0.07560433500000001,0.5485564999999998,1.0015788230689402,1814.0292381616607,2376.5765318798426
