variable,mean,median,sd,mad,q5,q95,rhat,ess_bulk,ess_tail
lp__,-509.520796375,-509.188,5.908908305692558,5.957828100000025,-519.95225,-500.38895,1.0004901131470214,1790.0929974448186,3290.775234577953
biasM,0.6441908347725,0.6434035,0.1870174263394518,0.17597053530000004,0.34509180000000006,0.9410826499999998,1.0033246112981802,2535.833556756468,3852.162593861824
biasSD,0.51702695985,0.4904545,0.18009865184506738,0.1584098796,0.27646424999999997,0.8504889999999999,1.0006421014850722,2529.5306696292064,4653.693590352579
weight1M,0.675650800875,0.6737169999999999,0.10264012409340566,0.09608952990000019,0.512189,0.8466383999999998,1.0005385467382453,3166.360795609328,3173.429192549692
weight1SD,0.22054285417175,0.2079405,0.12863566366712548,0.1203359703,0.03532849500000001,0.45252264999999947,1.0005784579743033,2132.0403361101708,2626.428902558208
weight2M,0.21746972379575,0.2164065,0.07968353743387416,0.0767060175,0.088195115,0.347568,1.0018043267659944,3655.275535677897,2126.678085126399
