variable,mean,median,sd,mad,q5,q95,rhat,ess_bulk,ess_tail
lp__,-2139.23442125,-2139.07,10.716029767446315,10.808153999999945,-2156.9004999999997,-2121.6394999999998,1.001098994208053,1913.998259943106,3843.8827419305385
biasM,-0.02894414811609625,-0.0291497,0.04313659957248781,0.0426559431627,-0.099548075,0.04210147999999986,0.9999965572469869,9325.647500673002,6625.260512494642
biasSD,0.10893691562532876,0.1062215,0.06456714798978298,0.07111446573,0.011502505000000007,0.21922185,1.0036117958451345,1819.5596076538282,2402.9331147679045
weight1M,0.686926565875,0.6869855,0.05781907408348602,0.0559792695,0.59374505,0.7817266999999999,1.0005922001087766,6350.704464617005,4399.224336689932
weight1SD,0.180405782214,0.1821535,0.08569133450697058,0.08534364509999999,0.0312813,0.31929149999999995,1.0018934838362716,1543.3791113163386,1791.8022631533286
weight2M,0.0213204015822675,0.01682655,0.017758277934325703,0.015660688973999998,0.0015467469999999998,0.056148819999999926,1.000164156774647,7245.001437941614,3915.688852721075
